G0,1,Kp,Kp^2,Kp^3,Kp^4
1419.6745298660617,0.0,27.3901452696,56.0879337166,-8.62529425894,4.36039652562
