G0,1,Kp,Kp^2,Kp^3,Kp^4
103.32385060031577,0.0,-9.75202744874,26.4667621945,-5.24328333508,0.378534285133
